"","mx","b","r2"
"1",2.95927508827418e-17,0.619451214086932,0.383557199722609
