"","c.eVec1.","c.eVec2."
"1",-0.381323706944353,-0.388688967810993
"2",0.164694225442776,0.0861397342580334
"3",-0.00369310989024781,0.0217152895357868
"4",0.0117123987198292,0.00484579285736506
"5",0.506145639606251,0.44319598835804
"6",-0.279119245730094,0.452875211385591
"7",0.175055433859887,-0.361066479935402
"8",-0.35448590557364,0.555983950180938
"9",0.58044948038567,1.40998324127395e-14
